-- Elimina la base de datos si ya existe
DROP DATABASE IF EXISTS nevadashopping;

-- Crea la base de datos
CREATE DATABASE nevadashopping;
USE nevadashopping;

-- Tabla empleado
CREATE TABLE empleado (
    id INT PRIMARY KEY,
    nombre VARCHAR(50),
    departamento VARCHAR(50),
    salario DECIMAL(10, 2),
    ciudad VARCHAR(50),
    edad INT
);

-- Inserta datos en la tabla empleado
INSERT INTO empleado VALUES
(1, 'Laura', 'IT', 4500.00, 'Madrid', 35),
(2, 'Carlos', 'Ventas', 3200.00, 'Barcelona', 28),
(3, 'Ana', 'Marketing', 6000.00, 'Madrid', 45),
(4, 'Juan', 'Recursos Humanos', 5200.00, 'Sevilla', 50),
(5, 'Luis', 'IT', 3400.00, 'Madrid', 29),
(6, 'Marta', 'Desarrollo', 5800.00, 'Valencia', 33),
(7, 'Pablo', 'Marketing', 3900.00, 'Madrid', 41),
(8, 'Elena', 'Ventas', 3100.00, 'Barcelona', 26),
(9, 'Alberto', 'Desarrollo', 4300.00, 'Valencia', 36),
(10, 'Isabel', 'IT', 4800.00, 'Madrid', 30),
(11, 'Laura', 'Marketing', 4500.00, 'Madrid', 35),
(12, 'Carlos', 'Desarrollo', 3200.00, 'Barcelona', 28);

-- Tabla departamento
CREATE TABLE departamento (
    id INT PRIMARY KEY,
    nombre VARCHAR(50)
);

-- Inserta datos en la tabla departamento
INSERT INTO departamento VALUES
(1, 'IT'),
(2, 'Ventas'),
(3, 'Marketing'),
(4, 'Recursos Humanos'),
(5, 'Desarrollo');

-- Tabla venta
CREATE TABLE venta (
    id INT PRIMARY KEY,
    empleado_id INT,
    cliente VARCHAR(50),
    importe DECIMAL(10, 2),
    fecha DATE,
    FOREIGN KEY (empleado_id) REFERENCES empleado(id)
);

-- Inserta datos en la tabla venta
INSERT INTO venta VALUES
(1, 1, 'Cliente A', 2000.00, '2024-01-10'),
(2, 2, 'Cliente B', 1500.00, '2024-01-11'),
(3, 3, 'Cliente C', 3000.00, '2024-01-12'),
(4, 4, 'Cliente D', 4000.00, '2024-01-13'),
(5, 5, 'Cliente E', 3500.00, '2024-01-14'),
(6, 6, 'Cliente F', 5000.00, '2024-01-15'),
(7, 7, 'Cliente G', 4500.00, '2024-01-16'),
(8, 8, 'Cliente H', 2800.00, '2024-01-17'),
(9, 9, 'Cliente I', 3300.00, '2024-01-18'),
(10, 10, 'Cliente J', 4700.00, '2024-01-19'),
(11, 1, 'Cliente K', 1500.00, '2024-01-20'),
(12, 2, 'Cliente L', 1800.00, '2024-01-21'),
(13, 2, 'Cliente L', 1800.00, '2024-01-21');

-- Relación de ejercicios prácticos

-- 1. Encuentra el número total de empleados por departamento.
select departamento, count(nombre) as numero_empleados from empleado group by departamento order by departamento, numero_empleados;

-- 2. Calcula el salario promedio por ciudad, mostrando solo las ciudades con un salario promedio mayor a 4000.
select ciudad, avg(salario) as salario_promedio from empleado group by ciudad order by ciudad, salario_promedio > 4000; ???

-- 3. Encuentra el total de ventas por cada cliente.
select cliente, count(*) as ventas_cliente from venta group by cliente order by cliente;

-- 4. Muestra los departamentos con más de 3 empleados.


-- 5. Calcula el promedio de edad de los empleados por ciudad.

-- 6. Muestra las ciudades en las que hay empleados, sin duplicados.

-- 7. Muestra el número total de ventas y la suma total de importes.


-- 8. Encuentra el/los cliente/clientes con la venta más baja.


-- 9. Encuentra el cliente que realizó la venta de mayor importe.


-- 10. Encuentra los empleados con un salario mayor al promedio de todos los salarios.

-- Ejercicios de Subconsultas

-- 1. Lista los nombres de empleados que trabajan en departamentos existentes en la tabla departamento.

-- 2. Encuentra todos los empleados cuyo salario sea mayor a 4000 y muestra su nombre y salario.


-- 3. Encuentra el nombre del empleado con el salario más alto.


-- 4. Calcula el promedio de salarios por departamento y muestra los departamentos con un salario promedio mayor a 5000.


-- 5. Encuentra los clientes que han realizado ventas superiores al promedio de todas las ventas.

